,currentLocation,participantId,currentMode
0,POINT (-2724.6277665310454 6866.2081834436985),0,AtHome
1,POINT (-1526.9372331431534 5582.2951345645315),1,AtHome
2,POINT (-1360.9905987829304 2108.804385379679),2,AtHome
3,POINT (-1558.517200825967 5600.664347152427),3,AtHome
4,POINT (976.2409614204214 4574.575079082071),4,AtHome
5,POINT (-1525.6957374012197 1994.5285187115571),5,AtHome
6,POINT (1795.1297501295278 3238.4053705049837),6,AtHome
7,POINT (-1023.8165705255449 1578.3713681439597),7,AtHome
8,POINT (616.2956028633527 2274.8909931311796),8,AtHome
9,POINT (-2034.686980076759 2030.381539383028),9,AtHome
10,POINT (1814.98579620458 5202.324736027698),10,AtHome
11,POINT (-4565.6827138156195 7005.636929989713),11,AtHome
12,POINT (-497.3677634959754 6363.886889857202),12,AtHome
13,POINT (581.8384408333688 3529.4152341625972),13,AtHome
14,POINT (1591.8298888318336 4013.7639158217444),14,AtHome
15,POINT (-1675.0510095550928 5609.338507213533),15,AtHome
16,POINT (1831.7873304297461 5320.646245105632),16,AtHome
17,POINT (-1701.950647608051 5620.022677890126),17,AtHome
18,POINT (-1076.5842362188507 2994.728261285693),18,AtHome
19,POINT (1794.856951027348 3435.370711304074),19,AtHome
20,POINT (-1422.8753026578263 2066.5737215664585),20,AtHome
21,POINT (1412.644760167943 3414.0178787864565),21,AtHome
22,POINT (1633.4086345568762 4461.730793578187),22,AtHome
23,POINT (-1107.227708359132 3065.5453427229895),23,AtHome
24,POINT (-1527.1275555605914 2059.53529486834),24,AtHome
25,POINT (-1694.505856483093 2049.322365937635),25,AtHome
26,POINT (-1636.260455452556 2061.364222168615),26,AtHome
27,POINT (-1559.4010602968729 5661.229908784321),27,AtHome
28,POINT (-1555.4794152338718 5688.7132394402315),28,AtHome
29,POINT (2223.5624472994955 4862.063619308975),29,AtHome
30,POINT (1392.4006528599325 3610.69922294319),30,AtHome
31,POINT (-1189.5514924340619 2890.7553818484876),31,AtHome
32,POINT (-634.0344080258775 6277.753144833072),32,AtHome
33,POINT (-4597.6533240783865 7069.886826197356),33,AtHome
34,POINT (1386.7709448307846 4931.974943571377),34,AtHome
35,POINT (1496.9438618070185 3428.2506460665654),35,AtHome
36,POINT (-1844.165240520775 1848.9603894453562),36,AtHome
37,POINT (-2414.077403801369 6211.71081880048),37,AtHome
38,POINT (-1837.5939136403147 6234.563888603619),38,AtHome
39,POINT (1247.7570674966007 4770.987783190005),39,AtHome
40,POINT (-5.487087530871604 5360.671874544664),40,AtHome
41,POINT (1414.7791622923082 3331.7608931825744),41,AtHome
42,POINT (-4398.2543834565 4637.204365012328),42,AtHome
43,POINT (-604.5425301346507 6205.663077468948),43,AtHome
44,POINT (592.6865615487636 626.0149920329762),44,AtHome
45,POINT (-2508.713200348066 6783.37726594192),45,AtHome
46,POINT (-583.0046403572655 6187.016515533001),46,AtHome
47,POINT (-1460.1537460532932 955.2875318639223),47,AtHome
48,POINT (1219.2110639210114 3499.3456481089634),48,AtHome
49,POINT (-1659.8970581130227 6256.300713352074),49,AtHome
50,POINT (2175.6993584489587 4976.439447130084),50,AtHome
51,POINT (1357.7433423875268 3265.1288681545407),51,AtHome
52,POINT (570.8349402894696 1904.4644507325406),52,AtHome
53,POINT (-3329.249928833953 7758.6958694823425),53,AtHome
54,POINT (1011.6371106179822 4572.68963025417),54,AtHome
55,POINT (-1590.3908790256119 1882.6417834648523),55,AtHome
56,POINT (2264.203852555873 4065.5602161190236),56,AtHome
57,POINT (2205.7400940450148 5216.3176837740175),57,AtHome
58,POINT (-1101.839043256292 2497.570196722187),58,AtHome
59,POINT (-2520.8523100951006 6201.628822676936),59,AtHome
60,POINT (1273.1741133539615 1176.0682488484108),60,AtHome
61,POINT (-1397.177426276214 2186.3340847244535),61,AtHome
62,POINT (-1408.9754669453816 2152.8950479975415),62,AtHome
63,POINT (2110.80817009729 5019.169190411168),63,AtHome
64,POINT (-496.78679320129623 1847.4222323734825),64,AtHome
65,POINT (955.7157859498368 338.98841714798596),65,AtHome
66,POINT (-1011.1007975934829 1342.738828543158),66,AtHome
67,POINT (1743.037507219923 5258.894946703521),67,AtHome
68,POINT (-1473.590901147153 877.1033836945335),68,AtHome
69,POINT (526.4015381963275 4322.955915190171),69,AtHome
70,POINT (2238.526068759931 4055.222885312164),70,AtHome
71,POINT (2223.6100948058197 4062.7376541474628),71,AtHome
72,POINT (-509.4026272878675 6224.1966196306375),72,AtHome
73,POINT (-1351.8065031851245 2115.9050324614464),73,AtHome
74,POINT (1.9755335623945705 5341.431450701076),74,AtHome
75,POINT (1254.089690625238 4852.6963917320545),75,AtHome
76,POINT (-1338.6352399471666 2154.9030760794763),76,AtHome
77,POINT (1993.1409593405124 5311.325298938236),77,AtHome
78,POINT (-2516.724001701027 2495.470079198975),78,AtHome
79,POINT (-2451.4918680777023 2427.775105006013),79,AtHome
80,POINT (1915.2859842403648 5312.093781653036),80,AtHome
81,POINT (601.7277385647054 3556.6658950219626),81,AtHome
82,POINT (507.67823222944736 1468.4914493644562),82,AtHome
83,POINT (-135.7936772057236 3415.6326140452566),83,AtHome
84,POINT (-1947.9008938556433 2093.9206315099636),84,AtHome
85,POINT (-1350.688345439653 1990.3876347179978),85,AtHome
86,POINT (-1636.9730511712182 806.1608366025896),86,AtHome
87,POINT (355.6243619780982 5044.255146336895),87,AtHome
88,POINT (18.422209722405302 5367.142858130735),88,AtHome
89,POINT (-1218.0484947359735 3213.228538710721),89,AtHome
90,POINT (-1142.1337111008247 3196.0977945056115),90,AtHome
91,POINT (-92.60471318609663 5320.25623098304),91,AtHome
92,POINT (2015.3436745883612 4870.663786883867),92,AtHome
93,POINT (1793.6070630120769 3456.5396868773805),93,AtHome
94,POINT (2037.5840188812192 4898.759127722423),94,AtHome
95,POINT (-1430.7484411588418 1976.1815826195873),95,AtHome
96,POINT (-1425.0373135113339 2004.631970219612),96,AtHome
97,POINT (-186.01876942421933 1524.3262297635556),97,AtHome
98,POINT (-1434.973262420595 1987.3098980394846),98,AtHome
99,POINT (-375.1399391748131 1854.6659320088543),99,AtHome
100,POINT (-4574.968826688322 7279.39539289574),100,AtHome
101,POINT (-4498.556931980856 4745.72483046643),101,AtHome
102,POINT (-573.7199715683724 5126.47392427598),102,AtHome
103,POINT (-436.3046057227951 5259.060541114311),103,AtHome
104,POINT (338.54791328924017 5069.755864313634),104,AtHome
105,POINT (2192.7767242363825 4933.177065424005),105,AtHome
106,POINT (2073.8637698881444 4940.4130254975),106,AtHome
107,POINT (-313.9595206019376 1855.7111170429162),107,AtHome
108,POINT (-525.4829433610961 5221.482766829596),108,AtHome
109,POINT (-2601.4844616292808 3065.960220454799),109,AtHome
110,POINT (-2639.6767056678714 3068.6493948638636),110,AtHome
111,POINT (-0.6024375446853782 3515.4558801586313),111,AtHome
112,POINT (-1670.5719329789977 2056.786442336958),112,AtHome
113,POINT (664.1877750440672 3797.8522890989393),113,AtHome
114,POINT (1717.835876212559 3409.851566604102),114,AtHome
115,POINT (1707.054412521753 3353.9564355132256),115,AtHome
116,POINT (-1565.3234939821336 2806.0061159727093),116,AtHome
117,POINT (926.7631461210617 4556.802589624075),117,AtHome
118,POINT (-1549.703019459702 2831.956395342448),118,AtHome
119,POINT (1227.418350577647 544.2222199132481),119,AtHome
120,POINT (859.3593928785715 1623.0523610677237),120,AtHome
121,POINT (-1413.2561545952765 898.2120522402657),121,AtHome
122,POINT (-1439.9430760430084 2473.1464529500436),122,AtHome
123,POINT (-3332.182456321242 7584.930454768431),123,AtHome
124,POINT (-4583.176447126485 4729.65080569796),124,AtHome
125,POINT (-10.355978118767254 3472.3896742182696),125,AtHome
126,POINT (-220.903527022639 5249.64901309842),126,AtHome
127,POINT (52.04632353952928 1113.061243825332),127,AtHome
128,POINT (1601.3567543010552 4018.464562858439),128,AtHome
129,POINT (1060.9437633037428 1260.5865662978981),129,AtHome
130,POINT (1164.0738962286796 1544.2252567547262),130,AtHome
131,POINT (584.3136574360803 3747.881720872645),131,AtHome
132,POINT (-465.7493339369287 1398.3123022928),132,AtHome
133,POINT (-490.60482925640764 1397.1241432443894),133,AtHome
134,POINT (-603.140665680056 5132.275080109213),134,AtHome
135,POINT (-442.4532523883974 1701.7748890076932),135,AtHome
136,POINT (-713.1912937024488 1581.4161205086782),136,AtHome
137,POINT (-219.47029345311603 5326.802185264626),137,AtHome
138,POINT (1308.4011256519482 4426.230652612812),138,AtHome
139,POINT (1299.4420599853365 4453.380068639174),139,AtHome
140,POINT (-2632.944608595766 6288.656766845932),140,AtHome
141,POINT (-2010.897184409088 1966.574194757472),141,AtHome
142,POINT (-1518.5285690366604 1161.9631681113808),142,AtHome
143,POINT (-498.4021979849775 5934.483427889883),143,AtHome
144,POINT (-1855.2628137937074 1652.8292021799746),144,AtHome
145,POINT (-379.1399925988855 5265.167361171224),145,AtHome
146,POINT (1173.3309459111763 3158.686042666584),146,AtHome
147,POINT (1677.934762896425 3228.4322363187243),147,AtHome
148,POINT (-2622.4693542048503 6305.882211709785),148,AtHome
149,POINT (-388.544701171866 5274.671154781031),149,AtHome
150,POINT (-611.3816071271943 5211.062898551801),150,AtHome
151,POINT (-622.5463414546522 5159.840414637389),151,AtHome
152,POINT (2105.2621147090945 5334.454000089414),152,AtHome
153,POINT (-1588.1040683361184 1726.0704084148279),153,AtHome
154,POINT (1259.4008655578116 1350.5550501603684),154,AtHome
155,POINT (-474.0909044214035 5954.904809593169),155,AtHome
156,POINT (795.3027355381611 415.55936820390906),156,AtHome
157,POINT (-1286.336077813878 3285.447656269636),157,AtHome
158,POINT (1071.7663972500707 643.2237663609594),158,AtHome
159,POINT (-1231.7319881481164 3467.740761780779),159,AtHome
160,POINT (-1618.1131464263558 6082.465710436708),160,AtHome
161,POINT (1193.7334301302428 565.8920365732027),161,AtHome
162,POINT (2493.884306563122 4054.5689731091297),162,AtHome
163,POINT (-1660.5951122809852 6062.518353345776),163,AtHome
164,POINT (620.1155538963543 2389.277154299279),164,AtHome
165,POINT (580.5195669633262 3735.05475997133),165,AtHome
166,POINT (1081.345703863062 689.1167654655084),166,AtHome
167,POINT (1379.8778748152295 4712.286004027333),167,AtHome
168,POINT (1816.1685312652548 5171.175206952844),168,AtHome
169,POINT (-1361.0006661216942 2065.6162438417405),169,AtHome
170,POINT (-2720.3568123686973 6848.502579431824),170,AtHome
171,POINT (-1541.3231057723094 5600.609909304979),171,AtHome
172,POINT (-1942.6730411445426 1980.7509407987293),172,AtHome
173,POINT (-199.80739778198915 1611.731282035355),173,AtHome
174,POINT (1316.0728786715365 3227.6859640235043),174,AtHome
175,POINT (1782.3951213881348 3414.441176959483),175,AtHome
176,POINT (354.92667736862916 4148.692258927901),176,AtHome
177,POINT (2414.336435689438 5379.863523612927),177,AtHome
178,POINT (574.8943710724894 1813.7655243245533),178,AtHome
179,POINT (39.409511757463186 1082.2328031003733),179,AtHome
180,POINT (-174.39827933640387 1616.354671301628),180,AtHome
181,POINT (1251.3285623378465 4909.320822311027),181,AtHome
182,POINT (1820.5398221455368 4460.839370202472),182,AtHome
183,POINT (563.1687882586755 1795.5555172479515),183,AtHome
184,POINT (1573.5085335090662 4042.3890107387842),184,AtHome
185,POINT (577.0627972952155 1807.733517788687),185,AtHome
186,POINT (588.6624903281695 1701.1431019383906),186,AtHome
187,POINT (571.0610495914086 1705.724395694057),187,AtHome
188,POINT (1308.0915448803137 4741.777586786875),188,AtHome
189,POINT (1295.5340668071733 4748.842825210253),189,AtHome
190,POINT (1770.5650484085725 3286.3888669699713),190,AtHome
191,POINT (1771.3275804120506 3341.1956510570362),191,AtHome
192,POINT (1285.6383293078716 4726.877299229724),192,AtHome
193,POINT (1596.9855257378151 4040.0966203931084),193,AtHome
194,POINT (1300.022125854812 4734.069216243433),194,AtHome
195,POINT (1595.9348069502726 4037.668795448345),195,AtHome
196,POINT (1240.973758666241 513.0980997364184),196,AtHome
197,POINT (1267.1464684951388 3622.504787056491),197,AtHome
198,POINT (1578.7520452307883 4035.5684495070177),198,AtHome
199,POINT (1176.658806957914 3153.5278367726637),199,AtHome
200,POINT (1593.5571897897012 4025.408786366203),200,AtHome
201,POINT (569.8744106571446 1690.2099782193063),201,AtHome
202,POINT (1274.9620550386078 4423.530931602868),202,AtHome
203,POINT (-840.0744762437234 1636.8373984737436),203,AtHome
204,POINT (581.5018399921794 1706.3417650325132),204,AtHome
205,POINT (-2731.2365717615 6843.267689579297),205,AtHome
206,POINT (2468.027310102608 5208.8512655235245),206,AtHome
207,POINT (-749.1181401292539 1654.3332458639254),207,AtHome
208,POINT (2256.8967537035414 5347.655739103048),208,AtHome
209,POINT (-743.6869059555171 1654.682066914351),209,AtHome
210,POINT (-426.6644812473655 1697.7513675583173),210,AtHome
211,POINT (-759.9703931769521 1641.7892380381643),211,AtHome
212,POINT (1260.2309944982098 1148.9964240517431),212,AtHome
213,POINT (1415.5890432654378 4940.91794072539),213,AtHome
214,POINT (1419.406128618074 4921.012361040348),214,AtHome
215,POINT (1411.5688050146657 4929.435840811374),215,AtHome
216,POINT (-745.8963444464756 1639.8868996794452),216,AtHome
217,POINT (598.396778270009 3451.306125670783),217,AtHome
218,POINT (120.7438900575549 4044.859517641698),218,AtHome
219,POINT (1500.798809887274 3323.391011908242),219,AtHome
220,POINT (587.7836330517929 1483.9791682760022),220,AtHome
221,POINT (588.24129100483 3475.6105422809355),221,AtHome
222,POINT (2215.392449903611 4769.681157920286),222,AtHome
223,POINT (595.5005918880431 1786.8685911919665),223,AtHome
224,POINT (1488.943201362342 3319.92292314603),224,AtHome
225,POINT (1495.8455901318048 3320.5815298143275),225,AtHome
226,POINT (200.30530797883364 1293.7754727507527),226,AtHome
227,POINT (-737.4367272415781 1384.0885789058686),227,AtHome
228,POINT (595.6114137678455 3448.2388672434245),228,AtHome
229,POINT (599.5116378839258 1510.0618321751404),229,AtHome
230,POINT (198.3295277288202 1299.360903370048),230,AtHome
231,POINT (-657.612879571573 1593.8461774298503),231,AtHome
232,POINT (1212.1762869259765 4886.370451390932),232,AtHome
233,POINT (577.5048472892462 1503.081581425309),233,AtHome
234,POINT (-1782.2457785250274 1702.734863586154),234,AtHome
235,POINT (525.0873240468296 4418.827779090524),235,AtHome
236,POINT (534.869503473957 4412.508707969395),236,AtHome
237,POINT (535.4874987111288 4426.070086468944),237,AtHome
238,POINT (600.1687578891527 1530.4524401615397),238,AtHome
239,POINT (222.2585412131388 1810.2952358591588),239,AtHome
240,POINT (2409.7559376435624 4346.312086368327),240,AtHome
241,POINT (596.2257073221284 1519.5441978913152),241,AtHome
242,POINT (-709.4812621708186 6327.535433757444),242,AtHome
243,POINT (1245.9236702634607 3252.527900518728),243,AtHome
244,POINT (2042.1063610730464 4363.877597548604),244,AtHome
245,POINT (1311.5125194359287 3615.960574934571),245,AtHome
246,POINT (2142.9119426448406 4759.893826417769),246,AtHome
247,POINT (605.0352009405825 3204.860613802215),247,AtHome
248,POINT (1301.8046215175636 3618.213478596),248,AtHome
249,POINT (1312.2722771083413 3535.58422740479),249,AtHome
250,POINT (1195.8718307906815 3252.6025739598585),250,AtHome
251,POINT (18.358412861556058 94.94395411560458),251,AtHome
252,POINT (-1183.6353250747331 2605.068020437779),252,AtHome
253,POINT (-1311.5587476221624 2561.2400714292203),253,AtHome
254,POINT (-1662.166147963861 6058.983160804273),254,AtHome
255,POINT (-1662.9076138531102 3423.306359798641),255,AtHome
256,POINT (-2454.4104899151394 3274.2213479716106),256,AtHome
257,POINT (-1363.6746703562285 2605.1032262421472),257,AtHome
258,POINT (-1774.0073533619118 4052.620422758957),258,AtHome
259,POINT (-1632.563259932197 6104.204284626621),259,AtHome
260,POINT (-1230.2800729737107 3319.4323014799825),260,AtHome
261,POINT (-1338.6719765317941 2695.8276623978604),261,AtHome
262,POINT (-1207.7108212473022 3296.111075116708),262,AtHome
263,POINT (-4600.671636552691 7599.163509369166),263,AtHome
264,POINT (-4586.913610841385 7601.519028694648),264,AtHome
265,POINT (-4573.459436358925 7347.185981322279),265,AtHome
266,POINT (-1317.8769440429232 3727.078804371119),266,AtHome
267,POINT (-2373.5816603264843 2428.9526870926775),267,AtHome
268,POINT (-4578.54656742065 7518.832664638027),268,AtHome
269,POINT (-1301.0783781355212 2681.9601886546184),269,AtHome
270,POINT (-4614.557309860481 5147.32940254623),270,AtHome
271,POINT (-2256.993785730668 2505.292581560297),271,AtHome
272,POINT (-1601.8745377759506 4738.945967988204),272,AtHome
273,POINT (-1877.410051384654 3498.347374395098),273,AtHome
274,POINT (-2262.474481928876 3114.5175890903647),274,AtHome
275,POINT (-1911.2298992097242 5810.175885059182),275,AtHome
276,POINT (-4491.610991038857 5127.064931972906),276,AtHome
277,POINT (-662.6017309912244 4864.729100012163),277,AtHome
278,POINT (-4435.45076219274 5129.890834026021),278,AtHome
279,POINT (-1561.1277720338785 2818.593814437167),279,AtHome
280,POINT (-2623.9072001949207 6601.185809944629),280,AtHome
281,POINT (-2241.4025062167552 2507.920296369679),281,AtHome
282,POINT (-2618.4758035519317 6616.094271288946),282,AtHome
283,POINT (-694.5856243594246 4887.887968912156),283,AtHome
284,POINT (-604.7941119699747 6032.747408703904),284,AtHome
285,POINT (-2285.0775557768707 2757.1522799160543),285,AtHome
286,POINT (-1439.737579233963 2699.318680612109),286,AtHome
287,POINT (-2501.1221406845975 2593.95781698129),287,AtHome
288,POINT (-1939.4337079430575 2778.587272628604),288,AtHome
289,POINT (-562.086846930087 4876.617948618355),289,AtHome
290,POINT (-579.6766535454583 6041.226931048339),290,AtHome
291,POINT (-2442.898391244556 2567.7615772184154),291,AtHome
292,POINT (-562.1445582365948 4860.331840691551),292,AtHome
293,POINT (-595.4932176287018 6075.069169884037),293,AtHome
294,POINT (-2534.9703034763043 4564.285809488242),294,AtHome
295,POINT (-2470.1224936633544 2607.1393430691137),295,AtHome
296,POINT (-1438.2332547539638 2611.748276217267),296,AtHome
297,POINT (-4333.515968465038 7615.737312613843),297,AtHome
298,POINT (-2116.466402535784 2650.9358943977804),298,AtHome
299,POINT (-2243.5448297967127 2850.638884025519),299,AtHome
300,POINT (-4373.855410403976 7616.6418731335725),300,AtHome
301,POINT (-2002.5283978698928 3479.9804012261734),301,AtHome
302,POINT (-4504.755304520494 4806.5017413951255),302,AtHome
303,POINT (-2189.4862839531493 2831.767758541419),303,AtHome
304,POINT (-4428.791834410917 7538.537408091491),304,AtHome
305,POINT (-534.1316475698052 4783.913405574674),305,AtHome
306,POINT (-4440.967491126279 7506.096430807571),306,AtHome
307,POINT (-2365.92810984519 4537.501613012345),307,AtHome
308,POINT (-3659.9455014118075 5700.540521028926),308,AtHome
309,POINT (-3064.912565138016 6024.384022015639),309,AtHome
310,POINT (-3660.661652333123 4826.716098292372),310,AtHome
311,POINT (-2523.7603877536035 4536.050220542302),311,AtHome
312,POINT (-2400.440960327807 5867.796703632828),312,AtHome
313,POINT (-3653.7001033596434 4802.179237690303),313,AtHome
314,POINT (-2459.039092455746 2982.023367543819),314,AtHome
315,POINT (-3624.1610921193574 5661.511861934462),315,AtHome
316,POINT (-1791.2010589212853 5848.289718840059),316,AtHome
317,POINT (-2384.220843707006 2870.4897426167495),317,AtHome
318,POINT (-2459.7544619357823 3053.668429981706),318,AtHome
319,POINT (-3339.738628192608 5572.408724311929),319,AtHome
320,POINT (-561.2541452995672 4861.258086269467),320,AtHome
321,POINT (-1962.9652693200424 4548.857435188247),321,AtHome
322,POINT (-2506.0187192007047 4570.160002969814),322,AtHome
323,POINT (-1622.926008783079 4770.590213297557),323,AtHome
324,POINT (-3612.205005539718 5719.0686926678245),324,AtHome
325,POINT (-1198.6242486468163 3068.55143298963),325,AtHome
326,POINT (-1257.2961138532453 3052.084873050113),326,AtHome
327,POINT (-3667.868435242565 4810.214863385205),327,AtHome
328,POINT (-1099.8182546721594 3030.9610314766505),328,AtHome
329,POINT (-1624.6364536455433 5983.342110677975),329,AtHome
330,POINT (-1698.9928815786132 3773.5966598544746),330,AtHome
331,POINT (-1100.628103356437 2991.8794309319906),331,AtHome
332,POINT (-1554.9910108901931 5924.0332478370465),332,AtHome
333,POINT (-1526.8889347157697 5940.367229053723),333,AtHome
334,POINT (-4184.4086495505 5813.142739444134),334,AtHome
335,POINT (-4248.819387006125 5788.522023451577),335,AtHome
336,POINT (-1221.1177227396242 3008.5997338425304),336,AtHome
337,POINT (-4594.621089341681 4844.792221097786),337,AtHome
338,POINT (-1068.7657761917137 3485.8168341163882),338,AtHome
339,POINT (-4516.012364699888 7423.657066568119),339,AtHome
340,POINT (-4582.39247860098 4827.97280298465),340,AtHome
341,POINT (-4195.676925595015 4897.511593308026),341,AtHome
342,POINT (-1209.801145892734 2993.6850534071823),342,AtHome
343,POINT (-3389.335645230258 7144.3780989651705),343,AtHome
344,POINT (-4586.54919027507 4800.050799355409),344,AtHome
345,POINT (-1225.304244503475 2991.0160306471216),345,AtHome
346,POINT (-1182.3184041259321 4381.445074319496),346,AtHome
347,POINT (-4205.864676357434 4901.163152284308),347,AtHome
348,POINT (-1130.1193865733924 2802.8119711319755),348,AtHome
349,POINT (-1199.6935402565507 2912.16419585481),349,AtHome
350,POINT (-1196.639293482018 2875.2701617305843),350,AtHome
351,POINT (-3368.2159495152814 7175.642938217877),351,AtHome
352,POINT (-2248.5031082860805 2509.884528754595),352,AtHome
353,POINT (-1207.1161522236457 2895.895189664184),353,AtHome
354,POINT (-3392.3560445747407 7146.532919570891),354,AtHome
355,POINT (-1970.2535978351111 4563.743812385769),355,AtHome
356,POINT (-1998.49506550216 3105.8198804754766),356,AtHome
357,POINT (-1064.2473286048946 2411.2311430629634),357,AtHome
358,POINT (-1578.3241572976324 3810.576991082258),358,AtHome
359,POINT (-2434.1418800219876 3171.506940813787),359,AtHome
360,POINT (-1023.5928882400924 2417.845832751361),360,AtHome
361,POINT (-3901.4835499643664 7457.8475544263565),361,AtHome
362,POINT (-2267.7493743788646 5028.4397363483195),362,AtHome
363,POINT (-1924.2159256906089 2768.603159629036),363,AtHome
364,POINT (-3326.472915179759 7418.6298403975325),364,AtHome
365,POINT (-1959.612619667316 2806.5418624505733),365,AtHome
366,POINT (-3320.2990907870203 7320.148943996546),366,AtHome
367,POINT (-3328.9835309039827 7438.858405609549),367,AtHome
368,POINT (-4358.880233143497 7565.133607923599),368,AtHome
369,POINT (-4310.6205211837005 7422.912496765995),369,AtHome
370,POINT (-1986.9963182711988 4569.521278744788),370,AtHome
371,POINT (-1062.346058478995 3495.849766278384),371,AtHome
372,POINT (-1019.3107265764518 3818.682846192285),372,AtHome
373,POINT (-2014.1489753523679 4777.663378548366),373,AtHome
374,POINT (-2205.190246089389 3173.575583895354),374,AtHome
375,POINT (-4507.892057542517 4987.942961995617),375,AtHome
376,POINT (-4524.690918788527 4888.139820285211),376,AtHome
377,POINT (-4445.990440003654 4896.120899469506),377,AtHome
378,POINT (-558.9865959211788 4894.39338535031),378,AtHome
379,POINT (-3370.8429066942085 5184.208775688826),379,AtHome
380,POINT (-2167.9524014382514 2537.002037730642),380,AtHome
381,POINT (-1933.3787060780535 2790.9352349339492),381,AtHome
382,POINT (-1106.2133466789576 3071.2006289247247),382,AtHome
383,POINT (-1239.5350994511268 3613.8443250960777),383,AtHome
384,POINT (-1316.6175407308417 3499.027828712918),384,AtHome
385,POINT (-1194.0175644198266 2713.530791786246),385,AtHome
386,POINT (-2381.1881119013156 4714.803631580487),386,AtHome
387,POINT (-2148.351337289022 2598.646649596783),387,AtHome
388,POINT (-2300.3377558350776 5042.222403181147),388,AtHome
389,POINT (-1445.5359169967742 2421.384615530726),389,AtHome
390,POINT (-1710.7423228864238 3755.2547054832744),390,AtHome
391,POINT (-2730.2857598556793 6842.811595254248),391,AtHome
392,POINT (-2096.355809334171 3273.776021084338),392,AtHome
393,POINT (-2348.1177686819206 4595.1383764736265),393,AtHome
394,POINT (-2460.476417300966 2527.5847373992437),394,AtHome
395,POINT (-767.4613794418494 4456.950323543237),395,AtHome
396,POINT (-1133.5860016991571 4009.946794086544),396,AtHome
397,POINT (-1242.3659533460157 3226.103279105531),397,AtHome
398,POINT (-2346.590537454686 3089.0899545184902),398,AtHome
399,POINT (-701.0008806512359 6324.598703209237),399,AtHome
400,POINT (-2358.1029982930977 4522.886813031062),400,AtHome
401,POINT (-718.848317139202 6348.727476809763),401,AtHome
402,POINT (-690.1662100462155 6323.9480215371395),402,AtHome
403,POINT (-2090.798249689286 3678.692931908172),403,AtHome
404,POINT (-2735.451443505526 6860.5732707148145),404,AtHome
405,POINT (-1210.3610147505167 2377.388407807117),405,AtHome
406,POINT (-2259.5931068708887 2675.584611574717),406,AtHome
407,POINT (-1292.3265110705427 3502.3689902582296),407,AtHome
408,POINT (-1394.1368291910871 4668.442933309888),408,AtHome
409,POINT (-1620.5865152362605 3641.318449722888),409,AtHome
410,POINT (-4540.301124396293 6985.010462454658),410,AtHome
411,POINT (-1561.1903194801348 2807.7740364603333),411,AtHome
412,POINT (-1619.6814433867187 5595.154266781606),412,AtHome
413,POINT (-4134.2864924654805 7410.603923315937),413,AtHome
414,POINT (-4082.113966624071 7403.398656687532),414,AtHome
415,POINT (-4137.147501087863 7410.179130787083),415,AtHome
416,POINT (-1610.8259240859934 3623.641989591707),416,AtHome
417,POINT (-1682.1128440747607 3815.387676630701),417,AtHome
418,POINT (-1037.486578142945 3616.7432205529217),418,AtHome
419,POINT (-1530.0918788301894 5649.06197186827),419,AtHome
420,POINT (1307.8497381984043 3516.2782872080497),420,AtHome
421,POINT (-1230.3858387614157 3079.8013896202624),421,AtHome
422,POINT (-1143.1739513334599 2899.1815293197105),422,AtHome
423,POINT (1304.2698900555138 3620.7559570413537),423,AtHome
424,POINT (-1665.761173721802 4090.6640641045947),424,AtHome
425,POINT (-1063.6047304911226 2912.0056820197597),425,AtHome
426,POINT (-2484.683711474812 2500.179201388168),426,AtHome
427,POINT (-548.2700738227305 4804.952260898627),427,AtHome
428,POINT (1305.0254988424501 3611.747815603176),428,AtHome
429,POINT (-667.130460630689 6381.226558853645),429,AtHome
430,POINT (-2286.0445170956937 5007.434540608557),430,AtHome
431,POINT (-2373.464334269478 2438.527917877558),431,AtHome
432,POINT (-2343.405290888888 2874.5936821043138),432,AtHome
433,POINT (-1651.9374347777432 5620.078627851311),433,AtHome
434,POINT (-1436.758236063943 2402.842544549952),434,AtHome
435,POINT (-2267.7053916289133 4992.151656831476),435,AtHome
436,POINT (-1672.6617353002493 4045.468253837507),436,AtHome
437,POINT (-1275.1917678903053 3244.6584232904074),437,AtHome
438,POINT (-1182.721609432994 2393.2950956797463),438,AtHome
439,POINT (-1113.8044992533053 4386.3620784193545),439,AtHome
440,POINT (-1694.5109709495587 5720.470348063601),440,AtHome
441,POINT (-2016.80144140617 4968.728757285944),441,AtHome
442,POINT (-2593.3384230544716 3047.3719991853977),442,AtHome
443,POINT (-1497.4400062756617 5082.110660401991),443,AtHome
444,POINT (-1747.9791595503464 5706.133863082172),444,AtHome
445,POINT (-1549.185600630916 2808.9486092084253),445,AtHome
446,POINT (-2619.2589823419485 6880.244418253359),446,AtHome
447,POINT (-1578.0077782280796 4740.0889829815005),447,AtHome
448,POINT (-1162.9191902913742 4489.935192244259),448,AtHome
449,POINT (-1623.972190714906 3670.0155780743544),449,AtHome
450,POINT (-2379.7211852778946 2525.5744597706093),450,AtHome
451,POINT (-1178.7526125714032 4466.470304755871),451,AtHome
452,POINT (-552.7555177084527 4886.199990300619),452,AtHome
453,POINT (-1387.0900391253806 4635.40922836449),453,AtHome
454,POINT (-2627.7859520117345 6870.093825292776),454,AtHome
455,POINT (-2635.26439594369 6865.210791983957),455,AtHome
456,POINT (-2364.2709548364005 4911.939648385907),456,AtHome
457,POINT (-601.5124463220997 6287.129955138983),457,AtHome
458,POINT (-3310.1726540969053 7806.632835618296),458,AtHome
459,POINT (-1442.7043528192528 2478.479664916662),459,AtHome
460,POINT (-2343.3790704532676 5016.320865395965),460,AtHome
461,POINT (-2371.4295865609197 5014.806149310582),461,AtHome
462,POINT (-1706.231669342228 3788.3613135406085),462,AtHome
463,POINT (-1313.184260467868 3296.323323780418),463,AtHome
464,POINT (-1967.1149997734103 4806.034424227536),464,AtHome
465,POINT (-1985.3386161875228 4812.5315571684605),465,AtHome
466,POINT (-1838.89277414828 6219.876127156256),466,AtHome
467,POINT (-1225.0703854340638 3499.7348054553504),467,AtHome
468,POINT (-1191.055695601558 2563.5297893081547),468,AtHome
469,POINT (-1365.3963317673674 2609.930612964088),469,AtHome
470,POINT (-2478.734167487001 4557.8822574757005),470,AtHome
471,POINT (-2481.8591253950317 4545.831144028913),471,AtHome
472,POINT (-1527.5662095734574 3867.6965435034745),472,AtHome
473,POINT (-1212.8402112553742 3294.820076441664),473,AtHome
474,POINT (-2499.7979338284144 4563.012330981178),474,AtHome
475,POINT (-1818.7214465805187 6222.698415404001),475,AtHome
476,POINT (-2439.937782920169 6217.612796442553),476,AtHome
477,POINT (-1300.4389151910277 2665.7464423448714),477,AtHome
478,POINT (-1310.861852736133 2692.6034016285234),478,AtHome
479,POINT (-1737.924812329188 3688.8359198536705),479,AtHome
480,POINT (-2407.044546962462 6202.412382551722),480,AtHome
481,POINT (-2468.148390759473 2592.982162798257),481,AtHome
482,POINT (-1854.0397394533752 6231.1861118124725),482,AtHome
483,POINT (-612.7630489446208 6233.28188482025),483,AtHome
484,POINT (-1484.1905801153478 3873.7595190601205),484,AtHome
485,POINT (-2475.574738616793 6768.212324053232),485,AtHome
486,POINT (-2619.9753500924985 6214.1580056298635),486,AtHome
487,POINT (-1433.577707300243 2587.8384148863092),487,AtHome
488,POINT (-1784.4648748247973 3740.397263143781),488,AtHome
489,POINT (-2637.5836078432044 6731.134035926762),489,AtHome
490,POINT (-505.3215885666847 6049.459155315078),490,AtHome
491,POINT (-2000.317889360325 4556.13330885273),491,AtHome
492,POINT (-2203.7950030510256 2828.724346546757),492,AtHome
493,POINT (-2239.735783861457 2828.872872906556),493,AtHome
494,POINT (-1992.775625958413 4560.707213038688),494,AtHome
495,POINT (-1295.1945501483049 3505.153319629454),495,AtHome
496,POINT (-1994.1685995005278 4557.090037026891),496,AtHome
497,POINT (-834.2850744146468 5532.026673965752),497,AtHome
498,POINT (-2247.3226860471964 2770.9388409815024),498,AtHome
499,POINT (-4573.219385707392 7166.01434300447),499,AtHome
500,POINT (-96.88218281710921 3495.6462568131997),500,AtHome
501,POINT (-1740.815735538838 3663.8274819687804),501,AtHome
502,POINT (-2535.2347087679136 3044.1725823116017),502,AtHome
503,POINT (-1608.4467532686513 3792.329605710588),503,AtHome
504,POINT (-4441.123700435095 7062.412570344279),504,AtHome
505,POINT (-1348.869767586235 5979.254576762876),505,AtHome
506,POINT (-2638.0240332388503 6888.773195452822),506,AtHome
507,POINT (-4357.849771294017 7214.08067138873),507,AtHome
508,POINT (-1105.6539039822856 3719.078682907225),508,AtHome
509,POINT (-3385.875398890221 5924.15973572915),509,AtHome
510,POINT (-623.1947474813447 3715.929829825936),510,AtHome
511,POINT (-4522.657091775664 5064.876854695869),511,AtHome
512,POINT (-1399.156707012634 4684.288875338637),512,AtHome
513,POINT (-4230.049175257697 5080.401906209619),513,AtHome
514,POINT (-1032.5715012678202 5928.329482451968),514,AtHome
515,POINT (-1815.5755080958847 6209.144371499226),515,AtHome
516,POINT (-2436.162881473775 6231.019216148948),516,AtHome
517,POINT (-2509.797818991931 6818.162369026183),517,AtHome
518,POINT (-2527.783995047869 6787.308598826727),518,AtHome
519,POINT (-2978.836093696055 6116.321088330168),519,AtHome
520,POINT (-4269.247756972058 5060.722786459932),520,AtHome
521,POINT (-1743.4527562736891 6280.741119659493),521,AtHome
522,POINT (-3245.5300718420303 7821.789455282468),522,AtHome
523,POINT (-668.7524318215658 5846.298897000955),523,AtHome
524,POINT (-4558.402779521822 5061.016193730946),524,AtHome
525,POINT (-4586.564778851952 4973.168822623007),525,AtHome
526,POINT (-2371.9209343639263 5891.861782109639),526,AtHome
527,POINT (-2986.870311860929 5982.1996176609155),527,AtHome
528,POINT (-4429.26166639244 4622.037001709063),528,AtHome
529,POINT (-2630.783016001132 6800.934447707431),529,AtHome
530,POINT (-506.5525631515028 6194.309717698389),530,AtHome
531,POINT (-4434.445745918704 4633.913400866676),531,AtHome
532,POINT (-3269.7412667590606 7770.115678891909),532,AtHome
533,POINT (-1658.825639724064 6184.085888451759),533,AtHome
534,POINT (-4083.819513614072 6495.298877014566),534,AtHome
535,POINT (-1636.010670564606 6188.969646246565),535,AtHome
536,POINT (-4146.8642688663695 7353.2836728142065),536,AtHome
537,POINT (-2283.941234392405 4933.928973330876),537,AtHome
538,POINT (-1613.7332956087453 6184.3620065370405),538,AtHome
539,POINT (-2101.031462304983 5798.306918072116),539,AtHome
540,POINT (-307.2958619307406 3604.4378614096395),540,AtHome
541,POINT (-665.8450793257592 5847.898029995306),541,AtHome
542,POINT (-4149.69504894554 7317.352813573793),542,AtHome
543,POINT (-475.8177254300129 5261.416899715568),543,AtHome
544,POINT (-1731.4367799555325 6091.444606814137),544,AtHome
545,POINT (-530.0358198183401 5193.878826953968),545,AtHome
546,POINT (-4233.524480421785 5367.960831846991),546,AtHome
547,POINT (-4136.416495700393 5281.823377293267),547,AtHome
548,POINT (-4585.756029931874 7148.008826345725),548,AtHome
549,POINT (-4580.76151036574 7147.815350510802),549,AtHome
550,POINT (21.669890256648806 3464.6893415476097),550,AtHome
551,POINT (37.16776273943869 3469.2412770690626),551,AtHome
552,POINT (-4594.189827172081 7162.874955028137),552,AtHome
553,POINT (-488.1080064177222 5926.907140672788),553,AtHome
554,POINT (-46.656919104017646 5327.906567472792),554,AtHome
555,POINT (28.13548089109984 5245.9527278661),555,AtHome
556,POINT (-497.9142581915998 5932.846782489951),556,AtHome
557,POINT (-1640.7766965971773 6100.027961564686),557,AtHome
558,POINT (-2385.4385189250543 5868.6965961385),558,AtHome
559,POINT (-77.41408175849402 3492.9670760851336),559,AtHome
560,POINT (-4245.956547016307 7318.020226954494),560,AtHome
561,POINT (-4244.861152826142 7230.152931939434),561,AtHome
562,POINT (-4584.755652123426 7255.346347655441),562,AtHome
563,POINT (-140.13417662899712 3594.783028779292),563,AtHome
564,POINT (-1744.0654673447502 3678.495623964854),564,AtHome
565,POINT (-3398.276295603299 6019.858355053496),565,AtHome
566,POINT (-1646.861087081713 6096.975497646737),566,AtHome
567,POINT (-498.97812687498964 5921.634540113668),567,AtHome
568,POINT (46.208809879022134 3460.247555238258),568,AtHome
569,POINT (-1639.987168469182 6100.600084036814),569,AtHome
570,POINT (-495.32235550925844 5630.923968123473),570,AtHome
571,POINT (-509.2234418219893 5752.367188077313),571,AtHome
572,POINT (-3178.5513425595723 5824.714266838579),572,AtHome
573,POINT (-2116.8621818692386 3664.7729068461044),573,AtHome
574,POINT (-2510.049954412207 6779.656082938719),574,AtHome
575,POINT (-23.665466176792744 4413.051833654614),575,AtHome
576,POINT (-583.8815119472166 6380.0419377590715),576,AtHome
577,POINT (-3171.6367973194874 5824.906979870254),577,AtHome
578,POINT (-4223.478618255394 5501.047318320002),578,AtHome
579,POINT (-1608.45605877468 4914.969006718104),579,AtHome
580,POINT (-3409.1418665848596 5927.283838639176),580,AtHome
581,POINT (-489.0138575823819 5657.990232815081),581,AtHome
582,POINT (-100.02353737703987 3576.9071575143835),582,AtHome
583,POINT (-366.862485902673 5278.582692455595),583,AtHome
584,POINT (-4427.173188686196 4709.640992518525),584,AtHome
585,POINT (-4114.371315827638 5745.267085235094),585,AtHome
586,POINT (-4124.438691699915 5663.721962555144),586,AtHome
587,POINT (-390.92700288420605 5285.610542852541),587,AtHome
588,POINT (-362.6428064948931 5254.189631258296),588,AtHome
589,POINT (-1536.1066519273945 5610.237234742129),589,AtHome
590,POINT (-1859.0686663501835 5779.598661124439),590,AtHome
591,POINT (-4336.655269771313 6593.426522625953),591,AtHome
592,POINT (-4142.12632014002 5675.5864106061545),592,AtHome
593,POINT (-4128.045645961621 5674.338983626227),593,AtHome
594,POINT (-4124.192423540323 5649.194283054822),594,AtHome
595,POINT (-2398.6430407981034 5864.346521511627),595,AtHome
596,POINT (-3012.122613602897 6124.890104393832),596,AtHome
597,POINT (-1977.2139161653663 5787.6889677984045),597,AtHome
598,POINT (-1598.3974946394105 3634.58685860962),598,AtHome
599,POINT (-644.949398754268 5864.969009827369),599,AtHome
600,POINT (-2866.21544177197 6614.269570934608),600,AtHome
601,POINT (-1826.9485604325616 5804.561777536771),601,AtHome
602,POINT (-1817.0844817029356 6221.727021204116),602,AtHome
603,POINT (-2159.204573599384 5856.260366705141),603,AtHome
604,POINT (-121.7396421335003 3410.3845027847797),604,AtHome
605,POINT (-1658.8521050369468 5622.009329435063),605,AtHome
606,POINT (-1747.1848158780342 5761.221898211123),606,AtHome
607,POINT (-2607.0883227964246 6589.128747130136),607,AtHome
608,POINT (-2615.5388134891696 6623.487201562238),608,AtHome
609,POINT (-1609.8151428460656 3661.483687587483),609,AtHome
610,POINT (-167.92909522426285 5267.910967169662),610,AtHome
611,POINT (-2103.4410354617266 5808.314597887445),611,AtHome
612,POINT (-1625.3699500482817 3623.739971111275),612,AtHome
613,POINT (-207.27324548811586 5214.163921048348),613,AtHome
614,POINT (-1406.7676836208832 2518.944736137566),614,AtHome
615,POINT (362.74012449221857 5039.261611489124),615,AtHome
616,POINT (-4624.193055070082 4701.081892642431),616,AtHome
617,POINT (-1655.9701994015838 6197.7203040193135),617,AtHome
618,POINT (-3543.1738793540267 7170.791833510142),618,AtHome
619,POINT (-3570.9679069221897 7170.979313997589),619,AtHome
620,POINT (-9.229718009304452 3464.432334868954),620,AtHome
621,POINT (-1321.9107595333644 5827.720807987865),621,AtHome
622,POINT (-75.47564359778953 4874.024431546593),622,AtHome
623,POINT (-3936.1876158302457 7271.129637843973),623,AtHome
624,POINT (-624.275649276885 4074.5960623245123),624,AtHome
625,POINT (-3860.982432547328 7224.808504582566),625,AtHome
626,POINT (-251.05158877216834 4432.092074326923),626,AtHome
627,POINT (-3869.350021545542 7289.065755122173),627,AtHome
628,POINT (-3597.774013082279 5913.149885071613),628,AtHome
629,POINT (-2629.6666536478024 6291.520901708724),629,AtHome
630,POINT (-162.52876505399442 5274.356859163546),630,AtHome
631,POINT (-3871.5950229040745 7253.252048915076),631,AtHome
632,POINT (-3922.3192055363775 7273.23458390468),632,AtHome
633,POINT (-2075.731181053991 3651.4496457657992),633,AtHome
634,POINT (-2395.0055165241056 6227.822284389149),634,AtHome
635,POINT (-703.0965569865255 6326.251441767978),635,AtHome
636,POINT (-2278.2062561994644 3050.7139245482304),636,AtHome
637,POINT (-718.0913986877977 6350.069650231923),637,AtHome
638,POINT (461.88922506853726 2227.657308829264),638,AtHome
639,POINT (-1636.8723427067264 6079.251145856186),639,AtHome
640,POINT (-2642.0696902689556 6298.803554742985),640,AtHome
641,POINT (-410.22833483815924 4140.976206221658),641,AtHome
642,POINT (117.97788957121428 499.5218858411952),642,AtHome
643,POINT (-1792.1128573348808 5852.876804237393),643,AtHome
644,POINT (109.56866048526177 498.9941002913007),644,AtHome
645,POINT (489.19366279893705 2274.4476149298566),645,AtHome
646,POINT (-3355.2874081961263 5228.710052429309),646,AtHome
647,POINT (-593.0420150338041 6074.3760884617195),647,AtHome
648,POINT (-1544.402652799368 5597.814717266389),648,AtHome
649,POINT (-4603.5541335377675 7615.90258476738),649,AtHome
650,POINT (-3137.923070537894 6295.521953440466),650,AtHome
651,POINT (-1624.3900041035336 1044.057038017657),651,AtHome
652,POINT (-2165.2222048762196 4800.267171794048),652,AtHome
653,POINT (-1409.3290080520196 4662.189297858006),653,AtHome
654,POINT (258.49267537955234 4799.8575256145605),654,AtHome
655,POINT (-3345.773357456328 5581.479157341096),655,AtHome
656,POINT (-1628.0823810173774 988.5295495794128),656,AtHome
657,POINT (-2383.533511193669 5891.225256461442),657,AtHome
658,POINT (-76.74115770688036 3742.995758183502),658,AtHome
659,POINT (-100.81570932262191 3799.2594196304344),659,AtHome
660,POINT (-573.673158247096 6375.153936726497),660,AtHome
661,POINT (-1989.2355591009136 3092.742878158136),661,AtHome
662,POINT (-4574.588058437561 7362.077057098975),662,AtHome
663,POINT (-1645.6597715712758 6177.79886142168),663,AtHome
664,POINT (-4591.633207720222 7521.247043630944),664,AtHome
665,POINT (-4411.485074700296 4851.5306770239795),665,AtHome
666,POINT (-1360.6783257380766 2559.16323147236),666,AtHome
667,POINT (-1289.1504103862505 2570.634755374985),667,AtHome
668,POINT (-3374.169175637565 4805.133208104064),668,AtHome
669,POINT (-1349.3596776839165 2567.781419621334),669,AtHome
670,POINT (-633.7212049725229 5178.534725064901),670,AtHome
671,POINT (-3602.0731182374357 7364.194846632647),671,AtHome
672,POINT (-1678.5790710508977 6160.480937024593),672,AtHome
673,POINT (-4563.112709301848 7141.287483966912),673,AtHome
674,POINT (-560.1527404518916 5243.697585329711),674,AtHome
675,POINT (27.248757157050008 5343.758699412592),675,AtHome
676,POINT (-4568.471573676515 7124.321407603188),676,AtHome
677,POINT (-4595.432949602926 7155.395160505548),677,AtHome
678,POINT (-3661.7175644164367 5647.7803038575175),678,AtHome
679,POINT (-3057.686446855868 6040.677179188843),679,AtHome
680,POINT (-4576.842600777946 7235.9920524275),680,AtHome
681,POINT (-631.1264069717149 5183.043067045653),681,AtHome
682,POINT (-633.2420264016363 5244.171003127429),682,AtHome
683,POINT (-4579.353296529987 7249.023730160305),683,AtHome
684,POINT (25.14705315156719 5226.253681137051),684,AtHome
685,POINT (11.640180370107526 5229.4637979914505),685,AtHome
686,POINT (-610.6958843652574 6040.428164981048),686,AtHome
687,POINT (-2987.881704085313 6388.854571949256),687,AtHome
688,POINT (-378.51736739121276 5271.07121092306),688,AtHome
689,POINT (-382.27844858526595 5252.606013598034),689,AtHome
690,POINT (-3399.3229117910487 4826.167793855674),690,AtHome
691,POINT (-3381.8055038520106 4815.506122050947),691,AtHome
692,POINT (354.72148868970515 5036.215574161836),692,AtHome
693,POINT (358.35270133922876 5055.26014712158),693,AtHome
694,POINT (-2641.539207886509 6610.1876841872845),694,AtHome
695,POINT (-2649.3445007286064 6609.726396120516),695,AtHome
696,POINT (-219.1671197003837 5239.299403712798),696,AtHome
697,POINT (-1302.8187905920922 5839.658254063805),697,AtHome
698,POINT (-2602.9421497482713 6588.683436306359),698,AtHome
699,POINT (-2609.8899384101264 6585.511459693846),699,AtHome
700,POINT (-2961.56041080373 6394.686070888651),700,AtHome
701,POINT (-582.4788531048041 6063.40628905503),701,AtHome
702,POINT (-2603.385959597968 6600.858147113771),702,AtHome
703,POINT (-198.11390298298616 5328.782246565214),703,AtHome
704,POINT (-657.4287670201119 6011.140326051992),704,AtHome
705,POINT (-2297.6257622408543 4772.2808025847835),705,AtHome
706,POINT (-2113.578241717062 5794.9011230812785),706,AtHome
707,POINT (-2604.2263565865273 6579.042456461137),707,AtHome
708,POINT (-3618.5752135830785 5701.970720981041),708,AtHome
709,POINT (-3280.633214236889 7634.202670059913),709,AtHome
710,POINT (-3327.5096498895246 7637.441387708559),710,AtHome
711,POINT (-681.2596392996671 6023.524357173201),711,AtHome
712,POINT (-674.9344716300386 6019.406727515781),712,AtHome
713,POINT (-662.1165247202181 6037.240811994108),713,AtHome
714,POINT (-743.0203800853865 5534.926618201992),714,AtHome
715,POINT (-179.65235022565383 5343.118902409721),715,AtHome
716,POINT (-744.0119196297343 5533.855381228612),716,AtHome
717,POINT (-673.993358110065 6036.860938124659),717,AtHome
718,POINT (-452.7197687905406 5765.433597201812),718,AtHome
719,POINT (-3374.8893316173194 5182.102545381883),719,AtHome
720,POINT (-1215.1838672982808 3634.241016689522),720,AtHome
721,POINT (-466.27784170199845 5764.934341802078),721,AtHome
722,POINT (-1473.6876234174335 5980.677979507759),722,AtHome
723,POINT (-471.31460839871494 5770.685051006932),723,AtHome
724,POINT (-4584.690952728261 4730.935576222884),724,AtHome
725,POINT (-2129.5003473512925 5799.5356852902205),725,AtHome
726,POINT (-1773.8187005681857 5839.7078246985175),726,AtHome
727,POINT (-3327.083389750419 5565.306272482229),727,AtHome
728,POINT (-4575.351437489866 7601.6297381199865),728,AtHome
729,POINT (-2372.6337444471123 5888.552752859258),729,AtHome
730,POINT (-1111.6681871148942 3811.427686026674),730,AtHome
731,POINT (-3670.8704195274504 4800.67362049307),731,AtHome
732,POINT (-4593.885964345719 7410.589215756412),732,AtHome
733,POINT (-4584.240032205744 7465.838494323158),733,AtHome
734,POINT (-2067.5876958648605 5858.6920376175785),734,AtHome
735,POINT (-4369.085396042212 4836.885105173833),735,AtHome
736,POINT (-4442.101274676921 5127.662279902912),736,AtHome
737,POINT (-780.8774760157667 5391.740149128877),737,AtHome
738,POINT (-3672.5742798603255 4826.3623929577825),738,AtHome
739,POINT (-1553.1319253895663 6001.457482379951),739,AtHome
740,POINT (-1477.753917514858 5982.032801722768),740,AtHome
741,POINT (-776.4882516001887 5367.657544470866),741,AtHome
742,POINT (-4447.537454306273 5154.656607367594),742,AtHome
743,POINT (-4506.908302142971 5130.2781800456805),743,AtHome
744,POINT (-1540.6939232142856 5911.2043933891255),744,AtHome
745,POINT (-4493.87517195987 7603.890328314192),745,AtHome
746,POINT (-1290.6403152347996 5952.997070126488),746,AtHome
747,POINT (-4313.3996057027 7621.616990910409),747,AtHome
748,POINT (-3002.803352452276 6287.865190925958),748,AtHome
749,POINT (-2994.5135106816715 6294.727128733409),749,AtHome
750,POINT (-2984.3001923744905 6315.4332193053915),750,AtHome
751,POINT (-784.5925301254847 3710.2514636362052),751,AtHome
752,POINT (-366.55809583002826 3615.0051426516643),752,AtHome
753,POINT (-1380.8368470962089 5979.519134795733),753,AtHome
754,POINT (-2993.414801039495 6291.775052685507),754,AtHome
755,POINT (-2992.7529370465554 6043.937811718378),755,AtHome
756,POINT (-4600.098104010539 7084.096727467351),756,AtHome
757,POINT (-3196.0394402771226 7757.57190069216),757,AtHome
758,POINT (-3585.2696697579313 7310.321937701542),758,AtHome
759,POINT (-3984.8727493916085 6566.67795061826),759,AtHome
760,POINT (-4415.589720547536 4926.325913845737),760,AtHome
761,POINT (-4128.8905060003 6800.748130967522),761,AtHome
762,POINT (-4040.7493465707084 5466.22194848517),762,AtHome
763,POINT (-4329.64969008691 5070.548374610194),763,AtHome
764,POINT (952.6721102474256 2479.660661275157),764,AtHome
765,POINT (-3933.1271666772773 5667.194756375772),765,AtHome
766,POINT (-4317.371034781835 5055.166850157187),766,AtHome
767,POINT (-1926.7069969067843 797.610023697387),767,AtHome
768,POINT (-4122.379445834429 6791.816996179428),768,AtHome
769,POINT (1459.302104715404 3411.342454350615),769,AtHome
770,POINT (-4041.233248773596 6552.190399396847),770,AtHome
771,POINT (-4627.803505030236 5127.822403184233),771,AtHome
772,POINT (-4425.640030585615 4645.90369996585),772,AtHome
773,POINT (-4191.548429554687 4882.44988733869),773,AtHome
774,POINT (-3364.558910561772 6434.46587870912),774,AtHome
775,POINT (-3998.823088302957 6545.91170170113),775,AtHome
776,POINT (-1203.725149070991 3310.658116727257),776,AtHome
777,POINT (-1208.9472386322848 3942.302893575663),777,AtHome
778,POINT (-3397.0125136132033 7428.898526522469),778,AtHome
779,POINT (1554.6073197894364 3246.836464596033),779,AtHome
780,POINT (-3547.9040950189815 7159.286717013078),780,AtHome
781,POINT (-529.69546941179 1684.054642039977),781,AtHome
782,POINT (-4184.028754554261 5827.352069088189),782,AtHome
783,POINT (-4326.018345568062 7592.440514065467),783,AtHome
784,POINT (-3776.299250645544 7455.392427675707),784,AtHome
785,POINT (-3477.1099433716536 6446.837152627946),785,AtHome
786,POINT (-581.000579659035 1650.2349838242703),786,AtHome
787,POINT (199.30074072700614 890.2474796102158),787,AtHome
788,POINT (-3780.0808063569525 7461.317081750914),788,AtHome
789,POINT (-4122.802148027972 6797.956288223226),789,AtHome
790,POINT (-3891.647559435206 7446.7800038514315),790,AtHome
791,POINT (-3289.004520264399 6606.141169355152),791,AtHome
792,POINT (-4292.628457275895 6660.774586691349),792,AtHome
793,POINT (-3334.846201000356 7746.385602800074),793,AtHome
794,POINT (-3686.0847071529056 7045.6056134714845),794,AtHome
795,POINT (-4468.76529093504 4842.357854474624),795,AtHome
796,POINT (-4465.5179970195 7053.175910801328),796,AtHome
797,POINT (-1213.5049990750194 3378.128369851267),797,AtHome
798,POINT (-4530.863570531021 7424.274722411092),798,AtHome
799,POINT (-3675.235655917732 6929.73487850449),799,AtHome
800,POINT (1403.4703470621855 3484.602905910564),800,AtHome
801,POINT (-4505.818182471621 7075.035258933246),801,AtHome
802,POINT (-3913.1610174656666 7224.771191976289),802,AtHome
803,POINT (-1665.255552414537 3428.850499167445),803,AtHome
804,POINT (-3316.44490379582 7524.04349451233),804,AtHome
805,POINT (-1633.597605779784 3422.9740213323944),805,AtHome
806,POINT (-3993.5199603218102 6564.5445462477355),806,AtHome
807,POINT (418.47646668134996 2395.880043768734),807,AtHome
808,POINT (-4167.038285776105 6551.2606944885965),808,AtHome
809,POINT (-4505.273766616215 7502.373779832186),809,AtHome
810,POINT (-1016.1007702949528 1448.9309138248868),810,AtHome
811,POINT (-2253.5188863550516 2513.0897016854406),811,AtHome
812,POINT (-4514.58528855778 7557.956102926287),812,AtHome
813,POINT (-2274.4085737947257 2478.6263428309167),813,AtHome
814,POINT (-4405.876968350579 7518.324883972582),814,AtHome
815,POINT (-1610.9627691619994 2820.240368942965),815,AtHome
816,POINT (-4590.0611407337865 4732.599488932738),816,AtHome
817,POINT (-4465.978675372998 5122.693436864033),817,AtHome
818,POINT (-4004.824463086361 6564.168995770503),818,AtHome
819,POINT (-1336.5882074093379 3904.4779350882313),819,AtHome
820,POINT (-1004.2513891859523 3073.5372746080293),820,AtHome
821,POINT (1797.2337132741973 5137.778234811666),821,AtHome
822,POINT (605.0606339361797 424.15209856388833),822,AtHome
823,POINT (1760.9677030231485 5175.715272920123),823,AtHome
824,POINT (-4576.568410022565 5013.675835337439),824,AtHome
825,POINT (-4122.666739648664 6880.946766055851),825,AtHome
826,POINT (-4575.355962850468 7098.803639486686),826,AtHome
827,POINT (-3176.6381577144825 7745.982218631285),827,AtHome
828,POINT (-4210.692119453298 5548.33234202792),828,AtHome
829,POINT (1763.5225460548575 5317.804064506469),829,AtHome
830,POINT (1240.120830290805 3213.184734365052),830,AtHome
831,POINT (-4386.315041137658 5048.952990331425),831,AtHome
832,POINT (-4316.405974217419 5070.299975368032),832,AtHome
833,POINT (-536.0450117245267 4686.940131277996),833,AtHome
834,POINT (-4135.308776439956 5751.469107456164),834,AtHome
835,POINT (-3951.303099272169 5660.641175195469),835,AtHome
836,POINT (-1457.3885093196725 2674.8153128865742),836,AtHome
837,POINT (-1324.4455789026817 2194.1490996132184),837,AtHome
838,POINT (665.6143289852563 3291.6693208642923),838,AtHome
839,POINT (-4009.1135009245563 7430.231756156197),839,AtHome
840,POINT (-4584.18227926299 7063.426833077119),840,AtHome
841,POINT (-3204.8464903056683 7842.437308158231),841,AtHome
842,POINT (-4129.391502311383 7168.3154096091275),842,AtHome
843,POINT (-3609.2158542156903 5683.6461987039065),843,AtHome
844,POINT (-4569.767285060447 7091.210246676771),844,AtHome
845,POINT (-2021.2612503255148 1947.9658402270704),845,AtHome
846,POINT (-4573.863075949347 4808.255198603331),846,AtHome
847,POINT (-3665.4994343073313 7433.520512138324),847,AtHome
848,POINT (-4135.811558220808 6904.144972265494),848,AtHome
849,POINT (-4430.269408344377 7623.541660025129),849,AtHome
850,POINT (-4140.2234961215445 6885.94831581265),850,AtHome
851,POINT (-4050.4480968794396 5505.368957083411),851,AtHome
852,POINT (-1679.5047761129108 5597.565104297342),852,AtHome
853,POINT (-4215.474583220102 5752.058252352654),853,AtHome
854,POINT (330.14114434449584 787.647734479416),854,AtHome
855,POINT (-4514.046012195604 4732.002287130245),855,AtHome
856,POINT (-4192.106816543167 5818.202161286745),856,AtHome
857,POINT (-4153.509460342287 5469.427300552985),857,AtHome
858,POINT (-3849.684858947064 5274.141406414394),858,AtHome
859,POINT (-4073.2360711579854 5384.400688043793),859,AtHome
860,POINT (-4254.36203547277 7164.3313663377985),860,AtHome
861,POINT (-3872.888689535182 7154.957894485243),861,AtHome
862,POINT (-3469.7860761295665 6694.908497035321),862,AtHome
863,POINT (-4082.027384134608 5503.342090929863),863,AtHome
864,POINT (-4623.771627995435 5124.999631442174),864,AtHome
865,POINT (-1001.888808949487 3002.8258189256917),865,AtHome
866,POINT (-3767.516655337967 6835.676204998095),866,AtHome
867,POINT (-4239.279745841345 5072.514812630291),867,AtHome
868,POINT (-3658.925156039225 6934.457096146528),868,AtHome
869,POINT (-4239.719365074045 7055.2062989816795),869,AtHome
870,POINT (-3781.0711465780173 6745.343902855307),870,AtHome
871,POINT (-1220.644558831565 3062.0058122699493),871,AtHome
872,POINT (-3897.256210914802 7436.536764489208),872,AtHome
873,POINT (-1069.2315403471373 3063.548904359576),873,AtHome
874,POINT (-3882.915999876255 5409.125648465788),874,AtHome
875,POINT (-3249.345229964435 7214.831037646963),875,AtHome
876,POINT (-3888.429758442975 7446.716837412794),876,AtHome
877,POINT (-4196.480509607843 4895.394159486577),877,AtHome
878,POINT (-4586.735738478009 4825.654095360672),878,AtHome
879,POINT (-4596.915260360124 4843.512232541971),879,AtHome
880,POINT (-793.5455427814742 1338.2656878794949),880,AtHome
881,POINT (-3325.3139367657286 7597.713732215858),881,AtHome
882,POINT (2032.077021524605 5307.842344395387),882,AtHome
883,POINT (-4516.065467931924 7516.172529097514),883,AtHome
884,POINT (-4580.394387990906 4816.347830219906),884,AtHome
885,POINT (-4417.245015439658 7602.355415629922),885,AtHome
886,POINT (-3684.4843188446143 7053.009974973157),886,AtHome
887,POINT (-4247.834683966655 7149.969306704537),887,AtHome
888,POINT (-3297.127811784741 7311.377248073791),888,AtHome
889,POINT (-2.579328033867741 38.011648610051495),889,AtHome
890,POINT (-3774.8606285405017 6642.571051773959),890,AtHome
891,POINT (-3330.12743036265 7382.550402380843),891,AtHome
892,POINT (-3280.4777454621885 6634.133050493318),892,AtHome
893,POINT (-4162.596889059098 6976.507364522276),893,AtHome
894,POINT (-4111.228124587779 6982.239843024943),894,AtHome
895,POINT (-4351.305343845601 7419.828579350854),895,AtHome
896,POINT (-4295.158493064361 6647.039491631839),896,AtHome
897,POINT (-4309.593150341714 5071.57820509219),897,AtHome
898,POINT (-4325.195738039542 5005.594829601602),898,AtHome
899,POINT (-4290.910483457582 5011.0737019879425),899,AtHome
900,POINT (-3592.939147189611 6548.555511942826),900,AtHome
901,POINT (-3856.3064147702257 7044.116843257988),901,AtHome
902,POINT (-3223.7533755216027 6372.28387800008),902,AtHome
903,POINT (-1201.9808748054315 2998.612458380545),903,AtHome
904,POINT (-1619.2417336779565 5673.535381976727),904,AtHome
905,POINT (-3814.5668194489326 7170.80049873698),905,AtHome
906,POINT (-3058.3214090705414 6041.157807057922),906,AtHome
907,POINT (-3483.162156935051 6460.477312577699),907,AtHome
908,POINT (-3774.2709856509605 7171.61551912498),908,AtHome
909,POINT (-4585.221566109179 5027.64991185597),909,AtHome
910,POINT (-3776.001523423852 7147.410788344418),910,AtHome
911,POINT (-3601.96775072538 7327.752736620262),911,AtHome
912,POINT (-4074.885984570834 5087.873886877568),912,AtHome
913,POINT (-1706.5355089438558 5704.95317591239),913,AtHome
914,POINT (2233.1240881346425 4571.347828587747),914,AtHome
915,POINT (-3272.1944726072365 6622.337829257592),915,AtHome
916,POINT (-4504.9223128867225 5038.13663307764),916,AtHome
917,POINT (-3778.272591852368 7180.856465606073),917,AtHome
918,POINT (-1389.733859695731 3820.595112731895),918,AtHome
919,POINT (-3677.241769337657 6948.539452042261),919,AtHome
920,POINT (-3676.849440437668 6936.563544171536),920,AtHome
921,POINT (-4149.797185986286 5460.883891589355),921,AtHome
922,POINT (-1438.7234830633947 3815.642678835274),922,AtHome
923,POINT (-3588.2357835298653 7339.574011198801),923,AtHome
924,POINT (-4211.4443748655885 5746.171105081376),924,AtHome
925,POINT (-3781.03695793901 7449.0889006694815),925,AtHome
926,POINT (-368.53259505516115 3629.325206786423),926,AtHome
927,POINT (-372.8116493477661 3625.3493881962586),927,AtHome
928,POINT (-3238.805104313656 7221.338533379569),928,AtHome
929,POINT (-3258.2451298192673 6635.896412525215),929,AtHome
930,POINT (-379.33838264260726 3602.3194386632076),930,AtHome
931,POINT (-3575.5938269792605 5871.3108212677735),931,AtHome
932,POINT (-3194.541192984135 7213.091093857307),932,AtHome
933,POINT (-4512.776657169672 4805.689058320287),933,AtHome
934,POINT (-744.821428567313 1304.1195043438843),934,AtHome
935,POINT (-4493.440588728231 4790.896518958078),935,AtHome
936,POINT (-3333.607348983237 7509.648003413355),936,AtHome
937,POINT (-3319.2439490653433 7530.674934822572),937,AtHome
938,POINT (-2994.597475093336 5987.857434160499),938,AtHome
939,POINT (-4109.71055680257 5244.836252760056),939,AtHome
940,POINT (-3293.686734912336 6611.326879209524),940,AtHome
941,POINT (-3266.7575817555253 6613.38394303702),941,AtHome
942,POINT (-3790.0547245606476 6426.918155755548),942,AtHome
943,POINT (-4195.94017028859 4882.223905810497),943,AtHome
944,POINT (2111.100769701764 4063.0561713955035),944,AtHome
945,POINT (-3411.7730384111137 6038.17062412),945,AtHome
946,POINT (-3298.2315275483497 6628.97049603114),946,AtHome
947,POINT (-1497.2058706321964 978.3110915491427),947,AtHome
948,POINT (341.1115359914733 4747.94016263901),948,AtHome
949,POINT (-3402.3674742879793 7147.916999015995),949,AtHome
950,POINT (2177.9443871208114 5021.823397692597),950,AtHome
951,POINT (-3234.3863128697435 6381.881556924174),951,AtHome
952,POINT (2182.5352931743437 5043.293217415122),952,AtHome
953,POINT (414.46800938953857 4749.751129616142),953,AtHome
954,POINT (-3389.8605896499735 7142.504036313241),954,AtHome
955,POINT (-1487.49560729855 951.6054633507447),955,AtHome
956,POINT (-1703.8331328252648 1839.326639110795),956,AtHome
957,POINT (-3861.2079592340287 7444.404782879035),957,AtHome
958,POINT (823.9669889960232 337.7443506549204),958,AtHome
959,POINT (-3275.5413869405384 7307.0747295437295),959,AtHome
960,POINT (-483.6070831695373 5757.9034671816335),960,AtHome
961,POINT (-417.50580539630477 1764.048197531049),961,AtHome
962,POINT (-3406.134480646205 7307.143561429393),962,AtHome
963,POINT (-430.3662269508244 1751.7543151621858),963,AtHome
964,POINT (-4344.171179961426 7514.790455585906),964,AtHome
965,POINT (-410.0764968922995 1747.26222881083),965,AtHome
966,POINT (-433.2796618299616 1770.770016461628),966,AtHome
967,POINT (-4058.609920213049 5169.767445184374),967,AtHome
968,POINT (-4199.1433175908305 5555.170642159958),968,AtHome
969,POINT (-1511.7645719761797 1896.827827854746),969,AtHome
970,POINT (691.9240174727879 331.74200714208257),970,AtHome
971,POINT (2405.1302538902714 4033.1838921950034),971,AtHome
972,POINT (-4295.645133552066 4891.172968322428),972,AtHome
973,POINT (2199.8523676887808 5268.126362996234),973,AtHome
974,POINT (-4220.201403279257 5010.085908859293),974,AtHome
975,POINT (-1770.813085589012 2625.994824798966),975,AtHome
976,POINT (-1796.8494404619064 2615.2990392254947),976,AtHome
977,POINT (-4431.071903516416 4986.187406538733),977,AtHome
978,POINT (-4436.017644082696 7441.489320527886),978,AtHome
979,POINT (-4449.477643097176 7416.196113468578),979,AtHome
980,POINT (-4349.309091776295 7213.541765056712),980,AtHome
981,POINT (-4600.062111656344 4996.27411890603),981,AtHome
982,POINT (1254.2387191852774 1545.2607913003292),982,AtHome
983,POINT (1256.3141156257354 1566.7972243994398),983,AtHome
984,POINT (-1596.1095253257768 3807.2089986005285),984,AtHome
985,POINT (-2060.173078226845 2741.7778823512554),985,AtHome
986,POINT (-2031.9986229091098 2793.698092899543),986,AtHome
987,POINT (-2363.9819437449723 2583.0203046584083),987,AtHome
988,POINT (-2374.205219303569 2585.3543368253213),988,AtHome
989,POINT (-4307.0687144620915 6674.080324564559),989,AtHome
990,POINT (-3488.304931264468 6529.420455091727),990,AtHome
991,POINT (-1062.3917750966539 3462.1311770701623),991,AtHome
992,POINT (1033.4080922685016 424.13877539643045),992,AtHome
993,POINT (732.879247406784 2084.694821357077),993,AtHome
994,POINT (-3545.910685650366 6509.50131238698),994,AtHome
995,POINT (-4103.419028947852 7311.367585130046),995,AtHome
996,POINT (-4120.978123665163 7366.776355683984),996,AtHome
997,POINT (-1837.9837460557421 3486.590646023064),997,AtHome
998,POINT (-4250.106202053015 5322.2509749126475),998,AtHome
999,POINT (2113.146319828208 5099.0139780453665),999,AtHome
1000,POINT (140.48501119579873 812.4529043932611),1000,AtHome
1001,POINT (920.6524260563766 2571.673518234092),1001,AtHome
1002,POINT (-2248.739022493608 2668.5747681383655),1002,AtHome
1003,POINT (-4252.8301145641735 5265.662887136043),1003,AtHome
1004,POINT (-2471.693364419926 3276.022483871138),1004,AtHome
1005,POINT (-4178.755445778288 5234.961352662549),1005,AtHome
1006,POINT (-4227.972595816516 5315.296143771051),1006,AtHome
1007,POINT (-3964.6025264990335 6565.967796707195),1007,AtHome
1008,POINT (-2153.571909256819 2521.0884089647766),1008,AtHome
1009,POINT (-2362.9727109189403 4883.851861188674),1009,AtHome
1010,POINT (-2100.356963979903 2596.3428032369716),1010,AtHome
